"0","gibbsMLR=function(y,X,nIter=10000,varB,verbose=500){"
"0"," ## Hyper-parameters (these could be arguments to the function, for now we specify it here"
"0","  b0=0"
"0","  df0=4"
"0","  S0=var(y)*0.8*(df0-2)"
"0","  "
"0","  df0_b=4"
"0","  s0_b=0.1"
"0"," ## Objects to store samples"
"0","  p=ncol(X); n=nrow(X)"
"0","  B=matrix(nrow=nIter,ncol=p,0)"
"0","  varE=rep(NA,nIter)"
"0","  varB=rep(NA,nIter)"
"0"," ## Initialize"
"0","  B[1,]=0"
"0","  B[1,1]=mean(y)"
"0","  b=B[1,]"
"0","  varE[1]=var(y)"
"0","  varB[1]=s0_b/(df0_b+2)"
"0","  resid=y-B[1,1]"
"0"," "
"0"," ## Centering"
"0","  for(i in 2:ncol(X)){  X[,i]=X[,i]-mean(X[,i]) }"
"0"," ## Computing sum x'x for each column"
"0","  SSx=colSums(X^2)"
"0","  for(i in 2:nIter){"
"0","    # Sampling regression coefficients"
"0","    for(j in 1:p){"
"0","      C=SSx[j]/varE[i-1]+1/varB[i-1]"
"0","      yStar= resid+X[,j]*b[j]  #y-X[,-j]%*%b[-j]"
"0","      rhs=sum(X[,j]*yStar)/varE[i-1]  + b0/varB[i-1]#most current value of varB"
"0","      condMean=rhs/C"
"0","      condVar=1/C"
"0","      b[j]=rnorm(n=1,mean=condMean,sd=sqrt(condVar))"
"0","      B[i,j]=b[j]  "
"0","      resid=yStar-X[,j]*b[j]"
"0","    }"
"0","    # Sampling the error variance  "
"0","    RSS=sum(resid^2)"
"0","    DF=n+df0"
"0","    S=RSS+S0"
"0","    varE[i]=S/rchisq(df=DF,n=1)"
"0","    "
"0","    # Sampling the variance of effects"
"0","    DF=p+df0_b"
"0","    S=s0_b+sum((b-b0)^2)"
"0","    varB[i]=S/rchisq(n=1,df=DF)"
"0","    if(i%%verbose==0){ cat(' Iter ', i, '\n') }"
"0","  }"
"0"," "
"0","  out=list(effects=B,varE=varE,varB=varB)"
"0","  return(out)"
"0"," }"
