{"chunk_definitions":[{"chunk_id":"csetup_chunk","chunk_label":"setup","document_id":"B31460BE","expansion_state":0,"options":{"engine":"r","include":false,"label":"setup"},"row":9,"row_count":1,"visible":true},{"chunk_id":"cq6q5h1udxmim","chunk_label":"unnamed-chunk-1","document_id":"B31460BE","expansion_state":0,"options":{"engine":"r","label":"unnamed-chunk-34"},"row":13,"row_count":1,"visible":true},{"chunk_id":"ch91sk42y4702","chunk_label":"unnamed-chunk-2","document_id":"B31460BE","expansion_state":0,"options":{"engine":"r","label":"unnamed-chunk-35"},"row":24,"row_count":1,"visible":true},{"chunk_id":"c20vy8dzggr7b","chunk_label":"unnamed-chunk-3","document_id":"B31460BE","expansion_state":0,"options":{"engine":"r","label":"unnamed-chunk-36"},"row":35,"row_count":1,"visible":true},{"chunk_id":"csqa7bxawmvlb","chunk_label":"unnamed-chunk-4","document_id":"B31460BE","expansion_state":0,"options":{"engine":"r","label":"unnamed-chunk-37"},"row":76,"row_count":1,"visible":true},{"chunk_id":"cm36p31bpo5rl","chunk_label":"unnamed-chunk-5","document_id":"B31460BE","expansion_state":0,"options":{"engine":"r","label":"unnamed-chunk-38"},"row":82,"row_count":1,"visible":true},{"chunk_id":"cdxf1taj97bdw","chunk_label":"unnamed-chunk-8","document_id":"B31460BE","expansion_state":0,"options":{"engine":"r","label":"unnamed-chunk-46"},"row":107,"row_count":1,"visible":true},{"chunk_id":"cu2apn4jy51vl","chunk_label":"unnamed-chunk-11","document_id":"B31460BE","expansion_state":0,"options":{"engine":"r","label":"unnamed-chunk-52"},"row":140,"row_count":1,"visible":true}],"default_chunk_options":{"echo":true,"error":false},"doc_write_time":1510590014,"working_dir":null}