{"chunk_definitions":[{"chunk_id":"csetup_chunk","chunk_label":"setup","document_id":"6EA2C30C","expansion_state":0,"options":{"engine":"r","include":false,"label":"setup"},"row":9,"row_count":1,"visible":true},{"chunk_id":"c1bxpdzz1pwlv","chunk_label":"unnamed-chunk-1","document_id":"6EA2C30C","expansion_state":0,"options":{"engine":"r","include":false,"label":"unnamed-chunk-71"},"row":25,"row_count":1,"visible":true},{"chunk_id":"ce8oh8ieo5xhd","chunk_label":"unnamed-chunk-2","document_id":"6EA2C30C","expansion_state":0,"options":{"engine":"r","include":false,"label":"unnamed-chunk-14"},"row":32,"row_count":1,"visible":true},{"chunk_id":"cw23lispx5g0w","chunk_label":"unnamed-chunk-3","document_id":"6EA2C30C","expansion_state":0,"options":{"engine":"r","include":false,"label":"unnamed-chunk-15"},"row":36,"row_count":1,"visible":true},{"chunk_id":"cxea791vzn51m","chunk_label":"unnamed-chunk-6","document_id":"6EA2C30C","expansion_state":0,"options":{"engine":"r","include":false,"label":"unnamed-chunk-18"},"row":98,"row_count":1,"visible":true},{"chunk_id":"c8uwfu7idp5nz","chunk_label":"unnamed-chunk-7","document_id":"6EA2C30C","expansion_state":0,"options":{"echo":false,"engine":"r","label":"unnamed-chunk-19"},"row":102,"row_count":1,"visible":true},{"chunk_id":"c6c47idjz4zy5","chunk_label":"unnamed-chunk-8","document_id":"6EA2C30C","expansion_state":0,"options":{"engine":"r","eval":false,"label":"unnamed-chunk-20"},"row":138,"row_count":1,"visible":true},{"chunk_id":"c4ytxpzvdphgz","chunk_label":"unnamed-chunk-9","document_id":"6EA2C30C","expansion_state":0,"options":{"engine":"r","label":"unnamed-chunk-101"},"row":152,"row_count":1,"visible":true}],"chunk_rendered_width":700,"default_chunk_options":{"echo":true,"error":false},"doc_write_time":1510194834,"working_dir":null}