"0","# given sex and race: model serum_urate with age using the coefficients in 1.1"
"0","white.male <- function(x) 4.31975213 + 1.52852797 - 0.78211876 + 0.02673734*(x)"
"0","white.female <- function (x) 4.31975213 - 0.78211876 + 0.02673734*(x)"
"0","black.male <- function(x) 4.31975213 + 1.52852797 + 0.02673734*(x)"
"0","black.female <- function(x) 4.31975213 + 0.02673734*(x)"
"0","# plot the functions"
"0","ggplot(data = data.frame(x = 0), mapping = aes(x = x)) + xlim(30,70) + labs(x = ""Age"", y = ""Expected Serum Urate"", title = ""Serum Urate vs. Age"", subtitle = ""conditional on sex & age"") + stat_function(fun = white.male, aes(color = ""white/male"")) + stat_function(fun = white.female, aes(color = ""white/female"")) + stat_function(fun = black.male, aes(color = ""black/male"")) + stat_function(fun = black.female, aes(color = ""black/female""))"
