"0","library(BGLR)"
"0","data(wheat)"
"0","x = scale(wheat.X)"
"0","dim(X)"
"1","[1]"
"1"," 9778"
"1","    4"
"1","
"
"0","y=wheat.Y[,1]"
"0","str(y)"
"1"," Named num [1:599] "
"1","1.672 -0.253 0.342 0.785 0.998"
"1"," ..."
"1","
"
"1"," "
"1","- attr(*, ""names"")="
"1"," chr [1:599] "
"1","""775"" ""2166"" ""2167"" ""2465"""
"1"," ..."
"1","
"
"0","tst=sample(1:599,size=100, replace = FALSE)"
"0","XTRN=X[-tst,]"
"0","XTST=X[tst,]"
"0","yTRN=y[-tst]"
"0","yTST=y[tst]"
"0","fm=lm(yTRN~XTRN)"
"2","Error in model.frame.default(formula = yTRN ~ XTRN, drop.unused.levels = TRUE) : 
  variable lengths differ (found for 'XTRN')
"
