"0","# A function to evaluate the log of the posterior density"
"0","   logP=function(y,X,b,b0,varB){"
"0","     Xb=X%*%b"
"0","     theta=exp(Xb)/(1+exp(Xb))"
"0","     logLik=sum( dbinom(x=y,p=theta,size=1,log=T)  )"
"0","     logPrior=sum(  dnorm(x=b,sd=sqrt(varB),mean=b0,log=T))"
"0","     return(logLik+logPrior)"
"0","   }"
"0","logisticRegressionBayes=function(y,X,nIter=12000,V=.02,varB=rep(10000,ncol(X)),b0=rep(0,ncol(X))){"
"0"," "
"0","  ####### Arguments #######################"
"0","  # y  a vector with 0/1 values"
"0","  # X  incidence matrix of effects"
"0","  # b0,varB, the prior mean and prior variance bj~N(b0[j],varB[j])"
"0","  # V the variance of the normal distribution used to generate candidates~N(b[i-1],V)"
"0","  # nIter: number of iterations of the sampler"
"0","  # Details: generates samples from the posterior distribution of a logistic regression using a Metropolis algorithm"
"0","  #########################################"
"0","    "
"0","  # A matrix to store samples"
"0","   p=ncol(X)"
"0","   B=matrix(nrow=nIter,ncol=p)"
"0"," "
"0","   # Centering predictors"
"0","   meanX=colMeans(X)"
"0","   for(i in 2:p){ X[,i]=(X[,i]-meanX[i]) }"
"0"," "
"0","  # A vector to trace acceptancve"
"0","   accept=rep(NA,nIter)"
"0","   accept[1]=TRUE "
"0","   "
"0","  # Initialize"
"0","   B[1,]=0"
"0","   B[1,1]=log(mean(y)/(1-mean(y)))"
"0","   b=B[1,]"
"0","  for(i in 2:nIter){"
"0","   "
"0","    candidate=rnorm(mean=b,sd=sqrt(V),n=p)"
"0"," "
"0","    logP_current=logP(y,X,b0=b0,varB=varB,b=b)"
"0","    logP_candidate=logP(y,X,b0=b0,varB=varB,b=candidate)"
"0","   "
"0","    r=min(1,exp(logP_candidate-logP_current))"
"0","    delta=rbinom(n=1,size=1,p=r)"
"0","   "
"0","    accept[i]=delta"
"0","   "
"0","    if(delta==1){ b=candidate }"
"0","    B[i,]=b"
"0","  }"
"0","  "
"0","  B[,1]=B[,1]-B[,-1]%*%meanX[-1] # absorbing means on the intercept"
"0"," "
"0","  return(list(B=B,accept=accept))"
"0","}"
