{"chunk_definitions":[{"chunk_id":"csetup_chunk","chunk_label":"setup","document_id":"B4C6EA24","expansion_state":0,"options":{"engine":"r","include":false,"label":"setup"},"row":9,"row_count":1,"visible":true},{"chunk_id":"cc5179eqlf358","chunk_label":"unnamed-chunk-7","document_id":"B4C6EA24","expansion_state":0,"options":{"engine":"r","label":"unnamed-chunk-1"},"row":226,"row_count":1,"visible":true},{"chunk_id":"c4vdupgmduueg","chunk_label":"unnamed-chunk-8","document_id":"B4C6EA24","expansion_state":0,"options":{"engine":"r","label":"unnamed-chunk-2"},"row":233,"row_count":1,"visible":true}],"default_chunk_options":{"echo":true,"error":false},"doc_write_time":1511368412,"working_dir":null}