"0"," samples=gibbsMLR(y,X,nIter=10,varB=10000,verbose=100)"
"2","longer object length is not a multiple of shorter object length"
"2","NAs produced"
"2","NAs produced"
"2","NAs produced"
"2","NAs produced"
"2","NAs produced"
"2","NAs produced"
"2","NAs produced"
"2","NAs produced"
"2","NAs produced"
"2","NAs produced"
"2","NAs produced"
"2","NAs produced"
"2","NAs produced"
"2","NAs produced"
"2","NAs produced"
"2","NAs produced"
"2","NAs produced"
"2","NAs produced"
"2","NAs produced"
"2","NAs produced"
"2","NAs produced"
"2","NAs produced"
"2","NAs produced"
"2","NAs produced"
"2","NAs produced"
"2","NAs produced"
"2","NAs produced"
"2","NAs produced"
"2","NAs produced"
"2","NAs produced"
"2","NAs produced"
"2","NAs produced"
"2","NAs produced"
"2","NAs produced"
"2","NAs produced"
"0"," head(samples$varB) # samples for the variance of effects"
"1","[1]"
"1"," 0.01666667"
"1","        NaN"
"1","        NaN"
"1","        NaN"
"1","        NaN"
"1","        NaN"
"1","
"
"0"," head(samples$varE) # samples for the error variance"
"1","[1]"
"1","  1"
"1"," NA"
"1"," NA"
"1"," NA"
"1"," NA"
"1"," NA"
"1","
"
"0"," head(samples$effects)    # samples for the effects"
"1","    "
"1","          [,1]"
"1"," [,2]"
"1"," [,3]"
"1"," [,4]"
"1","
[1,]"
"1","  9.158773e-17"
"1","    0"
"1","    0"
"1","    0"
"1","
[2,]"
"1"," -2.990901e-03"
"1","  NaN"
"1","  NaN"
"1","  NaN"
"1","
[3,]"
"1","           NaN"
"1","  NaN"
"1","  NaN"
"1","  NaN"
"1","
[4,]"
"1","           NaN"
"1","  NaN"
"1","  NaN"
"1","  NaN"
"1","
[5,]"
"1","           NaN"
"1","  NaN"
"1","  NaN"
"1","  NaN"
"1","
[6,]"
"1","           NaN"
"1","  NaN"
"1","  NaN"
"1","  NaN"
"1","
"
