{"chunk_definitions":[{"chunk_id":"csetup_chunk","chunk_label":"setup","document_id":"5B3251ED","expansion_state":0,"options":{"engine":"r","include":false,"label":"setup"},"row":9,"row_count":1,"visible":true},{"chunk_id":"c5bjaplgprqkk","chunk_label":"unnamed-chunk-1","document_id":"5B3251ED","expansion_state":0,"options":{"engine":"r","label":"unnamed-chunk-49"},"row":18,"row_count":1,"visible":true},{"chunk_id":"cycdu6xuqamns","chunk_label":"unnamed-chunk-2","document_id":"5B3251ED","expansion_state":0,"options":{"engine":"r","label":"unnamed-chunk-56"},"row":31,"row_count":1,"visible":true}],"default_chunk_options":{"echo":true,"error":false},"doc_write_time":1512324791,"working_dir":null}