"0","samplesV.4=logisticRegressionBayes(y=gout$gout,X=model.matrix(~sex+race+age,data=gout),nIter=55000, V=.4)
samplesV.2=logisticRegressionBayes(y=gout$gout,X=model.matrix(~sex+race+age,data=gout),nIter=55000, V=.2)
samplesV.05=logisticRegressionBayes(y=gout$gout,X=model.matrix(~sex+race+age,data=gout),nIter=55000, V=.05)
samplesV.001=logisticRegressionBayes(y=gout$gout,X=model.matrix(~sex+race+age,data=gout),nIter=55000, V=.001)
samplesV.4=logisticRegressionBayes(y=gout$gout,X=model.matrix(~sex+race+age,data=gout),nIter=55000, V=.4)
samplesV.2=logisticRegressionBayes(y=gout$gout,X=model.matrix(~sex+race+age,data=gout),nIter=55000, V=.2)
samplesV.05=logisticRegressionBayes(y=gout$gout,X=model.matrix(~sex+race+age,data=gout),nIter=55000, V=.05)
samplesV.001=logisticRegressionBayes(y=gout$gout,X=model.matrix(~sex+race+age,data=gout),nIter=55000, V=.001)
metropV.4 = data.frame(samplesV.4$B)
metropV.4 <- metropV.4[-c(1:5000),]
head(metropV.4)
"
"0","colnames(metropV.4) = c(""intercept"",""sex"",""race"",""age"")"
"0","estimatesV.4 = as.mcmc(metropV.4)"
"0","acceptV.4 <- samplesV.4$accept[-c(1:5000)]"
