"0","# Use"
"0","samples=logisticRegressionBayes(y=gout$gout,X=model.matrix(~sex+race+age,data=gout),nIter=55000)"
"0","cbind(model$coef,colMeans(samples$B[-(1:5000),]))"
"1","           "
"1","        [,1]"
"1","       [,2]"
"1","
(Intercept)"
"1"," -2.66676950"
"1"," -7.8093023"
"1","
XsexF      "
"1"," -0.44914774"
"1"," -0.4619895"
"1","
XraceW     "
"1"," -0.74328787"
"1"," -0.7500457"
"1","
Xage       "
"1","  0.09239102"
"1","  0.0943199"
"1","
"
"0","metrop.accept <- samples$accept[-c(1:5000)]"
