{"chunk_definitions":[{"chunk_id":"csetup_chunk","chunk_label":"setup","document_id":"15458CF1","expansion_state":0,"options":{"engine":"r","include":false,"label":"setup"},"row":9,"row_count":1,"visible":true},{"chunk_id":"cmfb4s86hyf7j","chunk_label":"unnamed-chunk-1","document_id":"15458CF1","expansion_state":0,"options":{"engine":"r","label":"unnamed-chunk-2"},"row":17,"row_count":1,"visible":true},{"chunk_id":"celqkxprcux06","chunk_label":"unnamed-chunk-2","document_id":"15458CF1","expansion_state":0,"options":{"engine":"r","label":"unnamed-chunk-3"},"row":29,"row_count":1,"visible":true},{"chunk_id":"cglkyp3kw35cv","chunk_label":"unnamed-chunk-5","document_id":"15458CF1","expansion_state":0,"options":{"engine":"r","label":"unnamed-chunk-6"},"row":102,"row_count":1,"visible":true},{"chunk_id":"cefh94tagmpo4","chunk_label":"unnamed-chunk-6","document_id":"15458CF1","expansion_state":0,"options":{"engine":"r","label":"unnamed-chunk-13"},"row":140,"row_count":1,"visible":true}],"default_chunk_options":{"echo":true,"error":false},"doc_write_time":1510762031,"working_dir":null}