{"chunk_definitions":[{"chunk_id":"csetup_chunk","chunk_label":"setup","document_id":"F5FADCC8","expansion_state":0,"options":{"engine":"r","include":false,"label":"setup"},"row":9,"row_count":1,"visible":true},{"chunk_id":"cickpfuu5ke4l","chunk_label":"unnamed-chunk-1","document_id":"F5FADCC8","expansion_state":0,"options":{"engine":"r","label":"unnamed-chunk-21"},"row":17,"row_count":1,"visible":true},{"chunk_id":"crrojfybqpr8p","chunk_label":"unnamed-chunk-2","document_id":"F5FADCC8","expansion_state":0,"options":{"engine":"r","label":"unnamed-chunk-22"},"row":29,"row_count":1,"visible":true},{"chunk_id":"cbfzj0d8a4a0u","chunk_label":"unnamed-chunk-4","document_id":"F5FADCC8","expansion_state":0,"options":{"engine":"r","label":"unnamed-chunk-24"},"row":92,"row_count":1,"visible":true}],"chunk_rendered_width":400,"default_chunk_options":{"echo":true,"error":false},"doc_write_time":1510762185,"working_dir":null}