{"chunk_definitions":[{"chunk_id":"csetup_chunk","chunk_label":"setup","document_id":"81727E36","expansion_state":0,"options":{"engine":"r","include":false,"label":"setup"},"row":9,"row_count":1,"visible":true},{"chunk_id":"cmjydsu4cy9uw","chunk_label":"unnamed-chunk-1","document_id":"81727E36","expansion_state":0,"options":{"engine":"r","label":"unnamed-chunk-1"},"row":18,"row_count":1,"visible":true},{"chunk_id":"c0oardlpc9iw6","chunk_label":"unnamed-chunk-2","document_id":"81727E36","expansion_state":0,"options":{"engine":"r","label":"unnamed-chunk-4"},"row":26,"row_count":1,"visible":true},{"chunk_id":"czkcbjip4bcyv","chunk_label":"unnamed-chunk-3","document_id":"81727E36","expansion_state":0,"options":{"engine":"r","label":"unnamed-chunk-8"},"row":33,"row_count":1,"visible":true},{"chunk_id":"cjsffj0a7913w","chunk_label":"unnamed-chunk-4","document_id":"81727E36","expansion_state":0,"options":{"engine":"r","label":"unnamed-chunk-15"},"row":51,"row_count":1,"visible":true},{"chunk_id":"cqwr0sfrkf0v2","chunk_label":"unnamed-chunk-5","document_id":"81727E36","expansion_state":0,"options":{"engine":"r","label":"unnamed-chunk-31"},"row":127,"row_count":1,"visible":true}],"default_chunk_options":{"echo":true,"error":false},"doc_write_time":1511972935,"working_dir":null}