{"chunk_definitions":[{"chunk_id":"csetup_chunk","chunk_label":"setup","document_id":"4D9438E","expansion_state":0,"options":{"engine":"r","include":false,"label":"setup"},"row":9,"row_count":1,"visible":true},{"chunk_id":"ca7s8jl9h4v3j","chunk_label":"unnamed-chunk-1","document_id":"4D9438E","expansion_state":0,"options":{"engine":"r","label":"unnamed-chunk-3"},"row":20,"row_count":1,"visible":true},{"chunk_id":"c04p1zhm70khz","chunk_label":"unnamed-chunk-2","document_id":"4D9438E","expansion_state":0,"options":{"engine":"r","label":"unnamed-chunk-6"},"row":31,"row_count":1,"visible":true},{"chunk_id":"clecko93uogyr","chunk_label":"unnamed-chunk-3","document_id":"4D9438E","expansion_state":0,"options":{"engine":"r","label":"unnamed-chunk-2"},"row":39,"row_count":1,"visible":true},{"chunk_id":"co299vnk2gmnw","chunk_label":"unnamed-chunk-5","document_id":"4D9438E","expansion_state":0,"options":{"engine":"r","label":"unnamed-chunk-7"},"row":50,"row_count":1,"visible":true},{"chunk_id":"c2f1fgem6o7im","chunk_label":"unnamed-chunk-6","document_id":"4D9438E","expansion_state":0,"options":{"engine":"r","label":"unnamed-chunk-8"},"row":55,"row_count":1,"visible":true}],"default_chunk_options":{"echo":true,"error":false},"doc_write_time":1511800560,"working_dir":null}