{"chunk_definitions":[{"chunk_id":"csetup_chunk","chunk_label":"setup","document_id":"8CAF0222","expansion_state":0,"options":{"engine":"r","include":false,"label":"setup"},"row":9,"row_count":1,"visible":true},{"chunk_id":"c2mwkae4gzpi5","chunk_label":"unnamed-chunk-1","document_id":"8CAF0222","expansion_state":0,"options":{"engine":"r","include":false,"label":"unnamed-chunk-307"},"row":16,"row_count":1,"visible":true},{"chunk_id":"cq98ctyit2t80","chunk_label":"unnamed-chunk-2","document_id":"8CAF0222","expansion_state":0,"options":{"engine":"r","include":false,"label":"unnamed-chunk-223"},"row":30,"row_count":1,"visible":true},{"chunk_id":"cqwah77vh9ngt","chunk_label":"unnamed-chunk-3","document_id":"8CAF0222","expansion_state":0,"options":{"engine":"r","include":false,"label":"unnamed-chunk-224"},"row":40,"row_count":1,"visible":true},{"chunk_id":"c2liti0hcvq6y","chunk_label":"unnamed-chunk-4","document_id":"8CAF0222","expansion_state":0,"options":{"echo":false,"engine":"r","label":"unnamed-chunk-225"},"row":47,"row_count":1,"visible":true},{"chunk_id":"cwodcbjrohewx","chunk_label":"unnamed-chunk-5","document_id":"8CAF0222","expansion_state":0,"options":{"engine":"r","include":false,"label":"unnamed-chunk-226"},"row":130,"row_count":1,"visible":true},{"chunk_id":"ca3x8bjg8nvv3","chunk_label":"unnamed-chunk-6","document_id":"8CAF0222","expansion_state":0,"options":{"engine":"r","include":false,"label":"unnamed-chunk-227"},"row":139,"row_count":1,"visible":true},{"chunk_id":"cj15t7h2kbks6","chunk_label":"unnamed-chunk-12","document_id":"8CAF0222","expansion_state":0,"options":{"engine":"r","include":false,"label":"unnamed-chunk-344"},"row":224,"row_count":1,"visible":true},{"chunk_id":"c8o2d4vuwlals","chunk_label":"unnamed-chunk-13","document_id":"8CAF0222","expansion_state":0,"options":{"engine":"r","label":"unnamed-chunk-369"},"row":229,"row_count":1,"visible":true},{"chunk_id":"cc35402sfzw50","chunk_label":"unnamed-chunk-14","document_id":"8CAF0222","expansion_state":0,"options":{"engine":"r","include":false,"label":"unnamed-chunk-241"},"row":269,"row_count":1,"visible":true},{"chunk_id":"crf4tmekmq7a2","chunk_label":"unnamed-chunk-15","document_id":"8CAF0222","expansion_state":0,"options":{"engine":"r","include":false,"label":"unnamed-chunk-242"},"row":285,"row_count":1,"visible":true}],"chunk_rendered_width":700,"default_chunk_options":{"echo":true,"error":false},"doc_write_time":1512421403,"working_dir":null}