"0","## Hyper-parameters"
"0"," varB=1000"
"0"," b0=0"
"0"," df0=4"
"0"," S0=var(y)*.8*(df0-2)"
"0","## Number of iterations"
"0"," nIter=10000"
"0","## Objects to store samples"
"0"," p=ncol(X)"
"0"," B=matrix(nrow=nIter,ncol=p,0)"
"0"," varE=rep(NA,nIter)"
"0"," SSx=colSums(X^2)"
"0","## Initialize"
"0"," B[1,]=0"
"0"," B[1,1]=mean(y)"
"0"," b=B[1,]"
"0"," varE[1]=var(y)"
"0"," n = nrow(X)"
"0"," "
"0"," for(i in 2:nIter){"
"0","  # sampling regression coefficients"
"0","  for(j in 1:p){"
"0","    C=SSx[j]/varE[i-1]+1/varB"
"0","    yStar=y-X[,-j]%*%b[-j]"
"0","    rhs=sum(X[,j]*yStar)/varE[i-1]  + b0/varB"
"0","    "
"0","    condMean=rhs/C"
"0","    condVar=1/C"
"0","    b[j]=rnorm(n=1,mean=condMean,sd=sqrt(condVar))"
"0","    B[i,j]=b[j]  "
"0","    "
"0","  }"
"0","   "
"0","  # sampling the error variance"
"0","  eHat=y-X%*%b"
"0","  RSS=sum(eHat^2)"
"0","  DF=n+df0"
"0","  S=RSS+S0"
"0","  "
"0","  varE[i]=S/rchisq(df=DF,n=1)"
"0"," #print(i)"
"0"," }"
"0"," "
"0"," plot(B)"
