{"chunk_definitions":[{"chunk_id":"csetup_chunk","chunk_label":"setup","document_id":"E888619A","expansion_state":0,"options":{"engine":"r","include":false,"label":"setup"},"row":9,"row_count":1,"visible":true},{"chunk_id":"cf4u4b391n0gq","chunk_label":"unnamed-chunk-1","document_id":"E888619A","expansion_state":0,"options":{"engine":"r","include":false,"label":"unnamed-chunk-8"},"row":16,"row_count":1,"visible":true},{"chunk_id":"cuxubyn093xhf","chunk_label":"unnamed-chunk-2","document_id":"E888619A","expansion_state":0,"options":{"engine":"r","include":false,"label":"unnamed-chunk-9"},"row":31,"row_count":1,"visible":true},{"chunk_id":"cbu35eoppu7aj","chunk_label":"unnamed-chunk-3","document_id":"E888619A","expansion_state":0,"options":{"engine":"r","include":false,"label":"unnamed-chunk-10"},"row":42,"row_count":1,"visible":true},{"chunk_id":"ca6pf4iiv13ge","chunk_label":"unnamed-chunk-4","document_id":"E888619A","expansion_state":0,"options":{"engine":"r","include":false,"label":"unnamed-chunk-11"},"row":96,"row_count":1,"visible":true},{"chunk_id":"c4kudlj5gxs2j","chunk_label":"unnamed-chunk-5","document_id":"E888619A","expansion_state":0,"options":{"engine":"r","include":false,"label":"unnamed-chunk-12"},"row":104,"row_count":1,"visible":true},{"chunk_id":"cmkwsbynz9bog","chunk_label":"unnamed-chunk-7","document_id":"E888619A","expansion_state":0,"options":{"engine":"r","label":"unnamed-chunk-14"},"row":133,"row_count":1,"visible":true}],"doc_write_time":1511223953}