{"chunk_definitions":[{"chunk_id":"csetup_chunk","chunk_label":"setup","document_id":"5E5CC44F","expansion_state":0,"options":{"engine":"r","include":false,"label":"setup"},"row":9,"row_count":1,"visible":true},{"chunk_id":"c0970nyavdv5z","chunk_label":"unnamed-chunk-1","document_id":"5E5CC44F","expansion_state":0,"options":{"engine":"r","label":"unnamed-chunk-18"},"row":13,"row_count":1,"visible":true},{"chunk_id":"cwm7bzoqck5fw","chunk_label":"unnamed-chunk-2","document_id":"5E5CC44F","expansion_state":0,"options":{"engine":"r","label":"unnamed-chunk-19"},"row":24,"row_count":1,"visible":true},{"chunk_id":"cmf21enp8i9yh","chunk_label":"unnamed-chunk-3","document_id":"5E5CC44F","expansion_state":0,"options":{"engine":"r","label":"unnamed-chunk-20"},"row":35,"row_count":1,"visible":true},{"chunk_id":"cy8afez6p6rtw","chunk_label":"unnamed-chunk-4","document_id":"5E5CC44F","expansion_state":0,"options":{"engine":"r","label":"unnamed-chunk-21"},"row":76,"row_count":1,"visible":true},{"chunk_id":"cyz9qtuyoba89","chunk_label":"unnamed-chunk-5","document_id":"5E5CC44F","expansion_state":0,"options":{"engine":"r","label":"unnamed-chunk-22"},"row":82,"row_count":1,"visible":true},{"chunk_id":"c1ord9hkyydi5","chunk_label":"unnamed-chunk-6","document_id":"5E5CC44F","expansion_state":0,"options":{"engine":"r","label":"unnamed-chunk-23"},"row":88,"row_count":1,"visible":true},{"chunk_id":"cvh7v808w8dyq","chunk_label":"unnamed-chunk-7","document_id":"5E5CC44F","expansion_state":0,"options":{"engine":"r","label":"unnamed-chunk-24"},"row":98,"row_count":1,"visible":true},{"chunk_id":"c26j9xxuzsa13","chunk_label":"unnamed-chunk-8","document_id":"5E5CC44F","expansion_state":0,"options":{"engine":"r","label":"unnamed-chunk-25"},"row":107,"row_count":1,"visible":true},{"chunk_id":"ci8ewe8jsqukg","chunk_label":"unnamed-chunk-9","document_id":"5E5CC44F","expansion_state":0,"options":{"engine":"r","label":"unnamed-chunk-26"},"row":112,"row_count":1,"visible":true},{"chunk_id":"cf7e10ketk93k","chunk_label":"unnamed-chunk-10","document_id":"5E5CC44F","expansion_state":0,"options":{"engine":"r","label":"unnamed-chunk-27"},"row":123,"row_count":1,"visible":true},{"chunk_id":"ciadyyostzrdn","chunk_label":"unnamed-chunk-11","document_id":"5E5CC44F","expansion_state":0,"options":{"engine":"r","label":"unnamed-chunk-28"},"row":140,"row_count":1,"visible":true},{"chunk_id":"c3n2x97e7ifj4","chunk_label":"unnamed-chunk-12","document_id":"5E5CC44F","expansion_state":0,"options":{"engine":"r","label":"unnamed-chunk-29"},"row":150,"row_count":1,"visible":true},{"chunk_id":"czh25aqx1tt8c","chunk_label":"unnamed-chunk-13","document_id":"5E5CC44F","expansion_state":0,"options":{"engine":"r","label":"unnamed-chunk-30"},"row":155,"row_count":1,"visible":true},{"chunk_id":"cuieg92c1jr1c","chunk_label":"unnamed-chunk-14","document_id":"5E5CC44F","expansion_state":0,"options":{"engine":"r","label":"unnamed-chunk-31"},"row":165,"row_count":1,"visible":true}],"chunk_rendered_width":400,"default_chunk_options":{"echo":true,"error":false},"doc_write_time":1510590014,"working_dir":null}