"0","# produce the matrices of the predictors and the response"
"0","X <- cbind(1, ifelse(gout$sex == ""M"", 1, 0), ifelse(gout$race == ""W"", 1, 0), gout$age)"
"0","Y <- gout$serum.urate"
"0","# solve the system of equations to arrive at OLS"
"0","XtY = t(X)%*%Y"
"0","XtX = t(X)%*%X"
"0","bHat <- solve(XtX,XtY)"
"0","# residual sum of squares"
"0","eHat = y - X%*%bHat"
"0","# sum of squares of errors divided by n-rank(X)"
"0","v.eHat = sum(eHat^2)/(nrow(gout) - ncol(X))"
"0","# standard errors of the estimates"
"0","SEs <- sqrt(diag(solve(XtX)*v.eHat))"
"0","# determine our level of confidence in the estimators"
"0","t.values <- bHat / SEs"
"0","p.values <- rep(NA, 4)"
"0","for(i in 1:4){"
"0","  p.values[i] <- pt(abs(t.values[i]), df = nrow(gout) - 2, lower.tail = FALSE)*2"
"0","}"
"0","# make the table presentable with row/col names"
"0","model.estimate <- data.frame(bHat, SEs, t.values, p.values)"
"0","rownames(model.estimate) <- c(""intercept"", ""is male"", ""is white"", ""age"")"
"0","colnames(model.estimate) <- c(""estimate"", ""standard error"", ""t-value"", ""P-value"")"
